[{
 "methods": [{
  "deprecated": "false",
  "description": "Go to Home page (desktop) of the phone",
  "name": "GoHome",
  "params": []
 }],
 "nonVisible": "true",
 "events": [],
 "external": "true",
 "helpString": "by ColinTree at http://aix.colintree.cn",
 "properties": [],
 "type": "cn.colintree.aix.ColinTreeGoHome.ColinTreeGoHome",
 "showOnPalette": "true",
 "version": "1",
 "name": "ColinTreeGoHome",
 "helpUrl": "",
 "iconName": "images/extension.png",
 "blockProperties": [],
 "categoryString": "EXTENSION"
}]